0xcc02faf495abb599966a4b0abfdc95ca7fac4511,QmPxGayBfJd2coSJoxFmUfdbHRma7Bin69toww5BqHu1Ub
0xcc02faf495abb599966a4b0abfdc95ca7fac4511,QmQtscVYwZvEDpcMEanTWhGEgXa2jc8qsHdqusmHp8GEbv
0xcc02faf495abb599966a4b0abfdc95ca7fac4511,QmQQJeaEsJY7sJYuvLhmKjUusxnXXwS7QpnzdKEoo2vxC5
0xd6307eddc9a4e10bf7a1c1c800ee5ab51b7182a6,QmPxGayBfJd2coSJoxFmUfdbHRma7Bin69toww5BqHu1Ub
0xd6307eddc9a4e10bf7a1c1c800ee5ab51b7182a6,QmQtscVYwZvEDpcMEanTWhGEgXa2jc8qsHdqusmHp8GEbv
0xd6307eddc9a4e10bf7a1c1c800ee5ab51b7182a6,QmQQJeaEsJY7sJYuvLhmKjUusxnXXwS7QpnzdKEoo2vxC5
0xcae5fd760b3bb48a38df7824e46e79374b463e1b,QmPxGayBfJd2coSJoxFmUfdbHRma7Bin69toww5BqHu1Ub
0xcae5fd760b3bb48a38df7824e46e79374b463e1b,QmQtscVYwZvEDpcMEanTWhGEgXa2jc8qsHdqusmHp8GEbv
0xcae5fd760b3bb48a38df7824e46e79374b463e1b,QmQQJeaEsJY7sJYuvLhmKjUusxnXXwS7QpnzdKEoo2vxC5
0x668f43c3cb0903ae8e3fd0518647480a08f329f6,QmPxGayBfJd2coSJoxFmUfdbHRma7Bin69toww5BqHu1Ub
0x668f43c3cb0903ae8e3fd0518647480a08f329f6,QmQtscVYwZvEDpcMEanTWhGEgXa2jc8qsHdqusmHp8GEbv
0x668f43c3cb0903ae8e3fd0518647480a08f329f6,QmQQJeaEsJY7sJYuvLhmKjUusxnXXwS7QpnzdKEoo2vxC5
0x8406a4f1a61047eed5ff15b25f03bb389fc017ff,QmPxGayBfJd2coSJoxFmUfdbHRma7Bin69toww5BqHu1Ub
0x8406a4f1a61047eed5ff15b25f03bb389fc017ff,QmQtscVYwZvEDpcMEanTWhGEgXa2jc8qsHdqusmHp8GEbv
0x8406a4f1a61047eed5ff15b25f03bb389fc017ff,QmQQJeaEsJY7sJYuvLhmKjUusxnXXwS7QpnzdKEoo2vxC5
0xb6f2af7f88a11751af28642f4a91a02ab3240e17,QmPxGayBfJd2coSJoxFmUfdbHRma7Bin69toww5BqHu1Ub
0xb6f2af7f88a11751af28642f4a91a02ab3240e17,QmQtscVYwZvEDpcMEanTWhGEgXa2jc8qsHdqusmHp8GEbv
0xb6f2af7f88a11751af28642f4a91a02ab3240e17,QmQQJeaEsJY7sJYuvLhmKjUusxnXXwS7QpnzdKEoo2vxC5
0x9725bdd039fcfe6dee3de5398c3ba06113390aec,QmPxGayBfJd2coSJoxFmUfdbHRma7Bin69toww5BqHu1Ub
0x9725bdd039fcfe6dee3de5398c3ba06113390aec,QmQtscVYwZvEDpcMEanTWhGEgXa2jc8qsHdqusmHp8GEbv
0x9725bdd039fcfe6dee3de5398c3ba06113390aec,QmQQJeaEsJY7sJYuvLhmKjUusxnXXwS7QpnzdKEoo2vxC5
0x37e34d4c7d693067da66236da6baa539e5b0606f,QmPxGayBfJd2coSJoxFmUfdbHRma7Bin69toww5BqHu1Ub
0x37e34d4c7d693067da66236da6baa539e5b0606f,QmQtscVYwZvEDpcMEanTWhGEgXa2jc8qsHdqusmHp8GEbv
0x37e34d4c7d693067da66236da6baa539e5b0606f,QmQQJeaEsJY7sJYuvLhmKjUusxnXXwS7QpnzdKEoo2vxC5
0x8afbaa8a8f806e76641e5ac442398bd5c085e769,QmPxGayBfJd2coSJoxFmUfdbHRma7Bin69toww5BqHu1Ub
0x8afbaa8a8f806e76641e5ac442398bd5c085e769,QmQtscVYwZvEDpcMEanTWhGEgXa2jc8qsHdqusmHp8GEbv
0x8afbaa8a8f806e76641e5ac442398bd5c085e769,QmQQJeaEsJY7sJYuvLhmKjUusxnXXwS7QpnzdKEoo2vxC5
